inversion, rejet
0.622870, 0.700362
0.702584, 0.610232
0.929792, 0.946082
0.904157, 0.707207
0.962809, 0.254126
0.326413, 0.154115
0.882018, 0.926502
0.288873, 0.321034
0.641636, 0.565645
0.243009, 0.565150
0.091594, 0.984672
0.637903, 0.496401
0.396579, 0.812573
0.943456, 0.022586
0.142119, 0.833051
0.395761, 0.981130
0.411447, 0.934310
0.557392, 0.638333
0.634769, 0.706279
0.247231, 0.267984
0.866254, 0.814697
0.581847, 0.416825
0.671139, 0.840108
0.910239, 0.625739
0.806480, 0.559347
0.531296, 0.636040
0.296080, 0.798551
0.285370, 0.511087
0.917987, 0.246964
0.232329, 0.471996
0.909898, 0.507470
0.626695, 0.629364
0.607566, 0.887200
0.363542, 0.678676
0.890409, 0.951821
0.914283, 0.958133
0.522144, 0.678532
0.548550, 0.578587
0.428767, 0.651147
0.215614, 0.458495
0.748457, 0.751972
0.638740, 0.378298
0.126201, 0.790523
0.786039, 0.156520
0.628383, 0.641328
0.397912, 0.776943
0.472450, 0.482052
0.861134, 0.434143
0.846069, 0.809124
0.710152, 0.139654
0.469118, 0.580842
0.518262, 0.675665
0.858362, 0.947985
0.551287, 0.886498
0.938264, 0.336566
0.197190, 0.800190
0.110223, 0.310820
0.039254, 0.739364
0.962143, 0.898924
0.947894, 0.363304
0.602102, 0.394704
0.286397, 0.466990
0.709319, 0.975764
0.768712, 0.497192
0.624268, 0.800136
0.567267, 0.203786
0.830304, 0.423496
0.825903, 0.326666
0.279459, 0.988738
0.840815, 0.831570
0.715386, 0.693808
0.787375, 0.920250
0.853865, 0.431994
0.773027, 0.725065
0.880269, 0.881688
0.783710, 0.624550
0.544224, 0.244168
0.849741, 0.685116
0.928477, 0.082540
0.668221, 0.732345
0.332255, 0.715239
0.839997, 0.459002
0.883358, 0.739227
0.372743, 0.684394
0.202904, 0.666940
0.512026, 0.975096
0.882924, 0.505173
0.909821, 0.903573
0.577687, 0.964565
0.683347, 0.981842
0.814548, 0.853157
0.783160, 0.569551
0.650961, 0.661828
0.599863, 0.607598
0.751011, 0.522962
0.624132, 0.638765
0.921700, 0.611342
0.403221, 0.358168
0.534304, 0.683405
0.818544, 0.353161
0.903951, 0.994095
0.979870, 0.383102
0.525707, 0.882072
0.588801, 0.786830
0.181635, 0.124453
0.366111, 0.697650
0.443163, 0.429084
0.417797, 0.770146
0.468946, 0.983343
0.517998, 0.707727
0.589391, 0.360624
0.400559, 0.619643
0.638678, 0.171324
0.890006, 0.811011
0.815779, 0.312293
0.438066, 0.907186
0.559919, 0.677825
0.609070, 0.648010
0.468606, 0.793353
0.828501, 0.877256
0.341868, 0.712199
0.631047, 0.633578
0.062674, 0.907345
0.723680, 0.369994
0.649946, 0.687919
0.407389, 0.798031
0.311538, 0.914487
0.269018, 0.552121
0.818186, 0.613195
0.977059, 0.510977
0.536171, 0.772301
0.418731, 0.894469
0.369942, 0.382647
0.080916, 0.779701
0.743618, 0.860108
0.058113, 0.595044
0.491007, 0.975792
0.937262, 0.651634
0.455289, 0.933684
0.528242, 0.310880
0.520615, 0.427218
0.747969, 0.843950
0.865997, 0.737406
0.514198, 0.953890
0.400071, 0.951834
0.178675, 0.996941
0.994461, 0.746573
0.966356, 0.381306
0.945934, 0.851610
0.865157, 0.679382
0.732819, 0.997443
0.967323, 0.271478
0.848963, 0.822496
0.711737, 0.733453
0.220710, 0.934396
0.601872, 0.384531
0.844694, 0.417034
0.353186, 0.472492
0.547619, 0.449786
0.683805, 0.408613
0.950110, 0.976388
0.708158, 0.539576
0.513960, 0.736047
0.279816, 0.951331
0.721994, 0.972143
0.931644, 0.336598
0.843351, 0.724096
0.862882, 0.922430
0.740999, 0.492581
0.482318, 0.947055
0.618211, 0.946317
0.706746, 0.641388
0.620366, 0.319401
0.920064, 0.680569
0.649467, 0.570325
0.861634, 0.917302
0.958557, 0.619065
0.187751, 0.249647
0.237789, 0.500920
0.445202, 0.533486
0.514753, 0.396989
0.963817, 0.511940
0.962023, 0.721658
0.667418, 0.981842
0.941492, 0.123201
0.597748, 0.468434
0.632108, 0.485156
0.679185, 0.633672
0.885546, 0.502385
0.803664, 0.902708
0.766278, 0.499412
0.074663, 0.926988
0.631030, 0.531951
0.988640, 0.745395
0.239459, 0.926988
0.529790, 0.460331
0.864994, 0.980797
0.998858, 0.810055
0.861202, 0.789445
0.876700, 0.391800
0.468548, 0.667585
0.519380, 0.815576
0.524347, 0.426322
0.289748, 0.647673
0.949069, 0.492940
0.531214, 0.804129
0.996351, 0.582084
0.804162, 0.137003
0.961702, 0.192999
0.678730, 0.783012
0.887276, 0.886485
0.407347, 0.923951
0.388953, 0.785902
0.713558, 0.455676
0.241405, 0.778995
0.349418, 0.649785
0.650701, 0.534496
0.246425, 0.925110
0.870339, 0.465098
0.881372, 0.944873
0.786773, 0.952970
0.236374, 0.695269
0.806783, 0.359732
0.580118, 0.343097
0.349571, 0.545195
0.854316, 0.941195
0.333997, 0.681982
0.985260, 0.755089
0.690579, 0.628245
0.866817, 0.737556
0.473898, 0.387066
0.428944, 0.931632
0.739261, 0.277510
0.560858, 0.600271
0.779953, 0.381565
0.814796, 0.192230
0.896714, 0.993065
0.360846, 0.433993
0.089108, 0.621040
0.402556, 0.658980
0.392624, 0.685961
0.705807, 0.026156
0.981314, 0.957257
0.412042, 0.527353
0.947335, 0.210106
0.712107, 0.442940
0.903922, 0.592165
0.164632, 0.665038
0.514180, 0.799264
0.284350, 0.831551
0.577743, 0.794898
0.930994, 0.829778
0.800457, 0.921357
0.662088, 0.960992
0.954436, 0.659969
0.707510, 0.328128
0.886689, 0.478815
0.752777, 0.932960
0.773485, 0.361240
0.295724, 0.771224
0.088926, 0.374909
0.994776, 0.855869
0.983076, 0.721900
0.948663, 0.918088
0.910626, 0.973911
0.390273, 0.238375
0.767852, 0.943535
0.495408, 0.337092
0.343325, 0.766032
0.076674, 0.267308
0.160714, 0.781359
0.658691, 0.508931
0.530904, 0.758857
0.915121, 0.635025
0.196937, 0.964229
0.759421, 0.701441
0.750329, 0.089878
0.325643, 0.647137
0.721150, 0.897585
0.465873, 0.686903
0.355506, 0.700192
0.969004, 0.997607
0.805899, 0.484698
0.187538, 0.897183
0.107739, 0.590999
0.647478, 0.178045
0.756374, 0.843955
0.666093, 0.570208
0.661383, 0.205198
0.962834, 0.698647
0.878593, 0.456110
0.464232, 0.685963
0.485572, 0.551933
0.136473, 0.680063
0.245561, 0.257942
0.831022, 0.894248
0.045710, 0.950333
0.346559, 0.024267
0.139542, 0.712228
0.314357, 0.310089
0.825629, 0.849894
0.158901, 0.359662
0.699538, 0.615448
0.371125, 0.625001
0.637407, 0.110134
0.714258, 0.214459
0.740898, 0.554113
0.375250, 0.690739
0.893715, 0.570093
0.955014, 0.898964
0.484176, 0.602598
0.141825, 0.323244
0.959454, 0.733913
0.205900, 0.124766
0.562968, 0.744228
0.474324, 0.748317
0.912804, 0.818336
0.556388, 0.739638
0.477505, 0.045172
0.836903, 0.030219
0.793742, 0.823660
0.643429, 0.593229
0.765468, 0.306277
0.592614, 0.589817
0.630081, 0.365924
0.496096, 0.605403
0.731097, 0.285385
0.161128, 0.630872
0.774931, 0.515976
0.778781, 0.148046
0.107104, 0.822833
0.515122, 0.663965
0.785642, 0.957988
0.613014, 0.909752
0.557789, 0.978219
0.676142, 0.695885
0.565419, 0.680156
0.844522, 0.778844
0.420350, 0.454739
0.641953, 0.355135
0.833142, 0.451303
0.950994, 0.398287
0.892781, 0.986885
0.686107, 0.744033
0.489733, 0.798566
0.251849, 0.374218
0.732567, 0.564079
0.920341, 0.571318
0.959557, 0.289060
0.671565, 0.963321
0.946466, 0.838575
0.574360, 0.424693
0.639760, 0.721801
0.773697, 0.747065
0.823471, 0.782524
0.936275, 0.323814
0.890361, 0.733913
0.899715, 0.913225
0.712233, 0.297523
0.521282, 0.527771
0.442702, 0.870948
0.514784, 0.502800
0.317446, 0.618763
0.695200, 0.673718
0.217044, 0.185575
0.771501, 0.562085
0.331598, 0.342175
0.578747, 0.449437
0.176339, 0.761226
0.466664, 0.772378
0.747833, 0.276452
0.570708, 0.262452
0.538509, 0.585601
0.923985, 0.545756
0.429110, 0.681368
0.768971, 0.883736
0.243348, 0.961577
0.544216, 0.379851
0.909514, 0.702089
0.334563, 0.815908
0.543716, 0.811147
0.784700, 0.338512
0.536478, 0.658277
0.425778, 0.870167
0.251697, 0.778787
0.639936, 0.926748
0.397548, 0.958529
0.454072, 0.739638
0.926486, 0.798323
0.095742, 0.802460
0.848805, 0.685553
0.814582, 0.907740
0.780621, 0.302191
0.808884, 0.630339
0.864627, 0.786609
0.865115, 0.982569
0.827895, 0.621504
0.450388, 0.211986
0.217310, 0.553929
0.768546, 0.507320
0.430268, 0.942729
0.574888, 0.431232
0.451432, 0.340503
0.896860, 0.088439
0.306095, 0.380829
0.904737, 0.596069
0.361825, 0.983113
0.296106, 0.855881
0.123571, 0.136878
0.992700, 0.875459
0.461873, 0.697939
0.756547, 0.787345
0.103782, 0.534428
0.940954, 0.819211
0.250467, 0.717980
0.436576, 0.393876
0.588250, 0.711253
0.678726, 0.323698
0.237299, 0.856991
0.907463, 0.419060
0.552085, 0.556485
0.198800, 0.874879
0.877528, 0.210001
0.921230, 0.695269
0.730045, 0.889297
0.943910, 0.899762
0.538448, 0.408248
0.219180, 0.093285
0.694545, 0.424693
0.874872, 0.383679
0.895074, 0.948579
0.999451, 0.568203
0.503474, 0.869765
0.184310, 0.386165
0.662483, 0.851899
0.423064, 0.866167
0.891915, 0.504113
0.874748, 0.519158
0.054735, 0.470001
0.899703, 0.902636
0.919858, 0.969040
0.976704, 0.523088
0.639809, 0.573387
0.693425, 0.565731
0.566376, 0.947883
0.930109, 0.479095
0.946398, 0.629620
0.684732, 0.469126
0.190896, 0.878281
0.818998, 0.434570
0.716502, 0.402127
0.799912, 0.451791
0.940101, 0.226777
0.288052, 0.799354
0.942922, 0.684484
0.653793, 0.817756
0.247322, 0.883790
0.635580, 0.473016
0.483108, 0.828667
0.260981, 0.986425
0.523469, 0.925070
0.596773, 0.290447
0.430553, 0.948173
0.417255, 0.653636
0.439613, 0.460836
0.859134, 0.844992
0.539074, 0.509015
0.194212, 0.633392
0.486112, 0.747088
0.465463, 0.809439
0.987516, 0.559430
0.270612, 0.388734
0.685117, 0.993145
0.584210, 0.708375
0.949478, 0.832028
0.109550, 0.878525
0.612309, 0.635698
0.922321, 0.831083
0.833346, 0.370865
0.442014, 0.575001
0.663776, 0.977227
0.568651, 0.630744
0.507734, 0.855729
0.684423, 0.478422
0.691099, 0.790228
0.497555, 0.889851
0.591152, 0.848123
0.579479, 0.951158
0.340171, 0.368613
0.874538, 0.817032
0.698164, 0.981882
0.777565, 0.802307
0.899285, 0.185863
0.665306, 0.675467
0.998627, 0.507123
0.580978, 0.696436
0.156725, 0.104531
0.987081, 0.319075
0.716677, 0.515007
0.962886, 0.983919
0.609030, 0.502886
0.308723, 0.853724
0.890158, 0.458475
0.264647, 0.367101
0.551541, 0.283649
0.315459, 0.367991
0.719235, 0.994954
0.682379, 0.640838
0.540903, 0.236538
0.521017, 0.081294
0.831614, 0.828069
0.549575, 0.839408
0.506497, 0.386377
0.489275, 0.684848
0.138214, 0.198670
0.511759, 0.655715
0.906051, 0.610411
0.781110, 0.901367
0.529432, 0.816648
0.590870, 0.863031
0.737171, 0.980343
0.631545, 0.383552
0.712195, 0.981589
0.724199, 0.423850
0.238879, 0.280348
0.434952, 0.344543
0.815918, 0.889669
0.972982, 0.695040
0.272306, 0.303388
0.288095, 0.913817
0.515096, 0.315385
0.447543, 0.867018
0.546826, 0.790550
0.838121, 0.820318
0.784439, 0.974908
0.967960, 0.481776
0.936985, 0.378237
0.473645, 0.523340
0.424595, 0.124984
0.769082, 0.644377
0.509115, 0.651353
0.954383, 0.852447
0.192535, 0.659667
0.779389, 0.987787
0.552929, 0.983556
0.711514, 0.684443
0.945872, 0.731720
0.900029, 0.127753
0.593319, 0.729394
0.982522, 0.815134
0.757983, 0.327356
0.928250, 0.565929
0.238855, 0.580344
0.641056, 0.332516
0.283613, 0.161894
0.909173, 0.967483
0.888441, 0.675406
0.663353, 0.868170
0.484828, 0.656299
0.374769, 0.687511
0.996894, 0.786777
0.453384, 0.687640
0.651273, 0.526805
0.824643, 0.884208
0.054071, 0.652905
0.303749, 0.588624
0.921646, 0.468167
0.078154, 0.728439
0.245013, 0.452990
0.545041, 0.962459
0.999306, 0.483858
0.701553, 0.222537
0.560184, 0.827167
0.377756, 0.924673
0.907548, 0.841223
0.653591, 0.442347
0.758225, 0.871565
0.385254, 0.834809
0.259234, 0.970997
0.618490, 0.832567
0.445354, 0.588492
0.836910, 0.212905
0.598629, 0.921649
0.965159, 0.644115
0.898677, 0.377964
0.458747, 0.425853
0.148746, 0.920070
0.328642, 0.568621
0.908960, 0.822106
0.210951, 0.360848
0.362655, 0.940302
0.936129, 0.772186
0.600616, 0.983260
0.963918, 0.225299
0.396064, 0.479957
0.665183, 0.769129
0.626984, 0.963507
0.490253, 0.984771
0.941809, 0.822979
0.282948, 0.762269
0.636824, 0.996938
0.256334, 0.704126
0.652718, 0.405079
0.893483, 0.548058
0.739964, 0.261617
0.761465, 0.596818
0.478178, 0.823976
0.760801, 0.515825
0.459145, 0.569178
0.961080, 0.726704
0.949913, 0.950149
0.449024, 0.606894
0.901089, 0.439801
0.986062, 0.663338
0.738959, 0.954231
0.435728, 0.909050
0.899483, 0.488743
0.807350, 0.246414
0.286763, 0.968195
0.673935, 0.823265
0.594745, 0.661055
0.523252, 0.038903
0.161963, 0.511521
0.364800, 0.370069
0.548386, 0.315060
0.789220, 0.838219
0.988502, 0.976949
0.773117, 0.510268
0.520917, 0.659240
0.374958, 0.940222
0.519194, 0.988300
0.596632, 0.336111
0.451245, 0.933058
0.903281, 0.529659
0.988113, 0.474874
0.556823, 0.105333
0.259858, 0.543353
0.507525, 0.995501
0.550594, 0.536639
0.922243, 0.776144
0.281049, 0.276122
0.669100, 0.656942
0.190705, 0.382480
0.731413, 0.295212
0.863880, 0.377152
0.778600, 0.249990
0.884047, 0.923247
0.773137, 0.710260
0.974763, 0.892926
0.857881, 0.643447
0.600707, 0.609676
0.878846, 0.468543
0.956724, 0.475341
0.027722, 0.985098
0.474850, 0.465098
0.765465, 0.815696
0.009176, 0.794582
0.059734, 0.424883
0.422510, 0.407263
0.786624, 0.963821
0.835983, 0.631382
0.579923, 0.780870
0.701006, 0.856071
0.391843, 0.926642
0.284945, 0.699376
0.958034, 0.744154
0.630123, 0.744814
0.900280, 0.284838
0.564615, 0.144888
0.654962, 0.675576
0.460763, 0.829174
0.805604, 0.285208
0.623806, 0.163749
0.762825, 0.792725
0.945504, 0.763023
0.559064, 0.205566
0.800495, 0.612683
0.667492, 0.595946
0.486585, 0.859498
0.963213, 0.554737
0.302919, 0.797037
0.182408, 0.182421
0.122974, 0.488662
0.914812, 0.456016
0.035294, 0.218422
0.902119, 0.707309
0.370922, 0.621552
0.535139, 0.734249
0.477000, 0.667875
0.458695, 0.983919
0.251946, 0.618796
0.482071, 0.980639
0.927368, 0.614063
0.666050, 0.095580
0.152091, 0.208075
0.945083, 0.992546
0.417327, 0.627569
0.844798, 0.976155
0.384281, 0.539571
0.447315, 0.178012
0.686825, 0.986534
0.981143, 0.612568
0.402098, 0.858765
0.082886, 0.687178
0.625324, 0.847464
0.363359, 0.887718
0.543075, 0.879936
0.899426, 0.878729
0.288683, 0.608094
0.984604, 0.282167
0.464344, 0.620498
0.860851, 0.690516
0.969966, 0.394400
0.862874, 0.592558
0.826974, 0.452650
0.501744, 0.305062
0.061113, 0.924220
0.935648, 0.807677
0.534721, 0.728968
0.636138, 0.587891
0.636603, 0.251095
0.538174, 0.859545
0.160288, 0.683691
0.619970, 0.730117
0.325903, 0.178012
0.897998, 0.403485
0.976951, 0.188162
0.655852, 0.155207
0.936959, 0.592961
0.809350, 0.651931
0.969218, 0.291924
0.484526, 0.456110
0.218948, 0.588092
0.462636, 0.978811
0.278060, 0.242970
0.239979, 0.720797
0.564052, 0.921383
0.995822, 0.320455
0.263585, 0.701875
0.381560, 0.621067
0.479599, 0.689779
0.828586, 0.652923
0.631974, 0.696728
0.595115, 0.391591
0.906537, 0.885043
0.557978, 0.583697
0.534570, 0.824716
0.862939, 0.191318
0.368873, 0.733679
0.495437, 0.723141
0.303907, 0.934317
0.454257, 0.511927
0.407513, 0.803224
0.557801, 0.762948
0.870896, 0.696209
0.566312, 0.878483
0.850828, 0.851489
0.425535, 0.862288
0.852035, 0.518183
0.760118, 0.241959
0.959685, 0.650562
0.821189, 0.298070
0.656658, 0.825723
0.094010, 0.565058
0.906866, 0.961577
0.596103, 0.353722
0.852867, 0.332128
0.855462, 0.921383
0.075777, 0.601297
0.669396, 0.508407
0.684730, 0.522962
0.256850, 0.759493
0.804256, 0.973717
0.538671, 0.909940
0.541468, 0.388213
0.801148, 0.766667
0.663773, 0.175975
0.680515, 0.885695
0.627823, 0.641601
0.846782, 0.756067
0.903017, 0.922734
0.450889, 0.879146
0.751520, 0.394103
0.867140, 0.914407
0.614155, 0.779522
0.993495, 0.890428
0.954096, 0.834809
0.709462, 0.778223
0.600213, 0.377309
0.191063, 0.992062
0.647590, 0.598059
0.347621, 0.506302
0.728159, 0.865078
0.471325, 0.814250
0.661078, 0.379333
0.806399, 0.667537
0.803171, 0.487735
0.874346, 0.327705
0.927827, 0.754790
0.690747, 0.628176
0.289451, 0.839408
0.348758, 0.293820
0.578140, 0.731525
0.483013, 0.274082
0.213153, 0.440544
0.978620, 0.828270
0.234453, 0.661310
0.810381, 0.216046
0.675164, 0.981429
0.606351, 0.866188
0.202286, 0.454150
0.811860, 0.406977
0.341299, 0.786533
0.884914, 0.982099
0.795674, 0.353710
0.823333, 0.856488
0.838463, 0.985789
0.804380, 0.216468
0.825255, 0.671664
0.764745, 0.542335
0.525354, 0.640210
0.461967, 0.708638
0.659727, 0.619611
0.272072, 0.763822
0.333304, 0.913562
0.847521, 0.074994
0.510547, 0.618267
0.781476, 0.969040
0.133943, 0.704340
0.321812, 0.572481
0.684301, 0.729822
0.452333, 0.311738
0.534226, 0.826152
0.070397, 0.361721
0.186229, 0.812832
0.629010, 0.848118
0.743919, 0.919089
0.848300, 0.710295
0.868559, 0.886877
0.353733, 0.258056
0.645288, 0.197817
0.673710, 0.834866
0.628159, 0.356032
0.049980, 0.540784
0.792821, 0.959134
0.872320, 0.926916
0.665528, 0.100873
0.541311, 0.689855
0.637150, 0.566897
0.958171, 0.595053
0.914130, 0.608877
0.211900, 0.125702
0.890810, 0.862443
0.676902, 0.628245
0.888547, 0.841121
0.670596, 0.711259
0.693119, 0.365702
0.542364, 0.467744
0.344528, 0.738722
0.890200, 0.572368
0.585940, 0.487665
0.069510, 0.303464
0.872401, 0.693996
0.988752, 0.541822
0.545826, 0.242657
0.669068, 0.490408
0.594787, 0.878490
0.356595, 0.848068
0.797816, 0.941064
0.747770, 0.618019
0.402215, 0.307563
0.232111, 0.772104
0.959355, 0.529675
0.710832, 0.334850
0.511365, 0.631007
0.982474, 0.554505
0.526946, 0.452509
0.809617, 0.468167
0.572698, 0.600724
0.512493, 0.734368
0.438124, 0.575651
0.765541, 0.652442
0.675487, 0.954231
0.745546, 0.818894
0.767536, 0.176569
0.103877, 0.983009
0.720735, 0.804256
0.619526, 0.356186
0.694486, 0.290528
0.138468, 0.433925
0.172444, 0.729380
0.574155, 0.967722
0.494276, 0.684417
0.520186, 0.418121
0.236287, 0.734007
0.766334, 0.637494
0.090058, 0.782808
0.815384, 0.288233
0.522715, 0.478789
0.383525, 0.376480
0.535680, 0.721067
0.514809, 0.838238
0.797760, 0.735548
0.616246, 0.672983
0.436187, 0.253741
0.796157, 0.969420
0.224682, 0.860761
0.557914, 0.822263
0.342165, 0.150043
0.937375, 0.963536
0.721996, 0.834468
0.439368, 0.496514
0.597335, 0.771521
0.979174, 0.924583
0.860185, 0.708672
0.315908, 0.917106
0.863879, 0.918882
0.347551, 0.952024
0.404539, 0.905828
0.711001, 0.041111
0.836524, 0.208550
0.645379, 0.774307
0.906855, 0.296375
0.376274, 0.658631
0.556418, 0.942828
0.100985, 0.562306
0.376115, 0.406604
0.163621, 0.824266
0.596335, 0.771137
0.656036, 0.742862
0.685542, 0.428602
0.892957, 0.133241
0.089987, 0.536791
0.555747, 0.576150
0.655088, 0.626622
0.220923, 0.498248
0.533481, 0.718932
0.470328, 0.861060
0.619978, 0.605818
0.237790, 0.851513
0.722933, 0.701879
0.606153, 0.230129
0.656833, 0.471032
0.535236, 0.234883
0.549823, 0.224622
0.058224, 0.978376
0.981989, 0.842430
0.687916, 0.729669
0.905697, 0.884233
0.445774, 0.275018
0.768933, 0.752404
0.956300, 0.912050
0.471045, 0.462231
0.696846, 0.953189
0.857655, 0.593044
0.648153, 0.993764
0.885522, 0.470733
0.546772, 0.394443
0.894670, 0.819485
0.939888, 0.775802
0.245052, 0.746226
0.668454, 0.426636
0.934805, 0.628501
0.881661, 0.978753
0.459664, 0.766389
0.309447, 0.896024
0.826499, 0.854061
0.822751, 0.703002
0.716580, 0.888040
0.558654, 0.906618
0.307009, 0.875813
0.870088, 0.877632
0.791879, 0.198834
0.366415, 0.745140
0.723694, 0.629529
0.975571, 0.546311
0.124008, 0.715148
0.282412, 0.490313
0.879310, 0.758962
0.820939, 0.850829
0.979552, 0.954952
0.514780, 0.113264
0.599402, 0.660219
0.641877, 0.740309
0.669418, 0.341780
0.222227, 0.576646
0.115459, 0.579646
0.351580, 0.822302
0.517146, 0.982286
0.788374, 0.718666
0.631817, 0.326395
0.757363, 0.544779
0.902151, 0.597713
0.738335, 0.596059
0.602027, 0.239884
0.209524, 0.762948
0.244412, 0.194089
0.988707, 0.403453
0.453280, 0.691137
0.482841, 0.158632
0.640026, 0.544546
0.778404, 0.679621
0.635832, 0.590999
0.666830, 0.170053
0.686957, 0.869765
0.605585, 0.811988
0.241005, 0.424656
0.273677, 0.499358
0.885016, 0.946092
0.493906, 0.892642
0.341296, 0.590369
0.156627, 0.713224
0.763870, 0.714164
0.294927, 0.582960
0.593395, 0.550690
0.763806, 0.246727
0.843117, 0.871139
0.454319, 0.482724
0.871571, 0.407709
0.718652, 0.920996
0.326962, 0.534995
0.496013, 0.941705
0.604124, 0.621916
0.948179, 0.868718
0.614384, 0.492805
0.144192, 0.608432
0.909556, 0.763336
0.904651, 0.924218
0.473736, 0.995726
0.654658, 0.818924
0.183617, 0.752130
0.605239, 0.929595
0.943246, 0.954513
0.700727, 0.867732
0.623513, 0.805875
0.833187, 0.338799
0.365611, 0.230462
0.627974, 0.346513
0.386857, 0.964930
0.668741, 0.655089
0.541634, 0.537455
0.266933, 0.747696
0.550044, 0.723304
0.744325, 0.639029
0.870484, 0.834178
0.418028, 0.659016
0.562720, 0.496133
0.773457, 0.488743
0.399707, 0.431489
0.598552, 0.693151
0.735973, 0.672149
0.610636, 0.907505
0.801563, 0.357170
0.249328, 0.985793
0.235805, 0.238322
0.600804, 0.792337
0.576811, 0.731617
0.516878, 0.532485
0.642036, 0.996756
0.736380, 0.285869
0.931194, 0.875109
0.898631, 0.987657
0.592456, 0.423422
0.607425, 0.671362
0.314253, 0.778395
0.780395, 0.543807
0.933768, 0.464982
0.613460, 0.842062
0.291841, 0.807845
0.975911, 0.183453
0.512502, 0.595653
0.295139, 0.170824
0.667508, 0.480416
0.673224, 0.819422
0.676529, 0.761323
0.682267, 0.851489
0.556303, 0.527417
0.115428, 0.976949
0.610900, 0.536572
0.569173, 0.660724
0.979805, 0.958528
0.292605, 0.971155
0.446371, 0.276200
0.689733, 0.364953
0.076350, 0.912422
0.270861, 0.804088
0.853289, 0.800136
0.825768, 0.979112
0.904012, 0.769802
0.550274, 0.636815
0.990779, 0.951886
0.859057, 0.748916
0.605010, 0.547109
0.829612, 0.564462
0.855472, 0.140725
0.176817, 0.977010
0.594960, 0.513377
0.663831, 0.891821
0.591206, 0.278430
0.196660, 0.234720
0.378424, 0.334633
0.132111, 0.390792
0.578067, 0.266555
0.692074, 0.877323
0.221467, 0.806616
0.142732, 0.484507
0.753711, 0.915724
0.564128, 0.591262
0.687527, 0.967811
0.660168, 0.261230
0.698744, 0.129137
0.670292, 0.334260
0.661473, 0.950662
0.745822, 0.644009
0.898510, 0.325627
0.458966, 0.313306
0.819015, 0.406055
0.958960, 0.339355
0.588878, 0.926395
0.496583, 0.640003
0.715154, 0.531018
0.996665, 0.239408
0.478395, 0.312957
0.418223, 0.645729
0.301636, 0.844992
0.416051, 0.393626
0.424752, 0.991340
0.308997, 0.609619
0.125692, 0.727240
0.522165, 0.210663
0.586762, 0.760128
0.230916, 0.936593
0.660678, 0.648638
0.601061, 0.785699
0.824124, 0.431877
0.144609, 0.821754
0.630458, 0.852992
0.920937, 0.992160
0.317874, 0.649295
0.648993, 0.691137
0.085577, 0.934249
0.781068, 0.742027
0.708964, 0.379007
0.515230, 0.410142
0.181972, 0.209633
0.618839, 0.077801
0.863509, 0.968049
0.894685, 0.314041
0.543658, 0.647228
0.096314, 0.651182
0.542421, 0.154428
0.163856, 0.455160
0.705496, 0.983898
0.772221, 0.788298
0.951132, 0.772721
0.627678, 0.587239
0.521254, 0.862778
0.515769, 0.365532
0.578881, 0.996170
0.703569, 0.396920
0.807015, 0.270936
0.917336, 0.878122
0.890872, 0.698220
0.873556, 0.258109
0.458390, 0.505454
0.566284, 0.848550
0.257714, 0.986797
0.842509, 0.963073
0.794358, 0.959134
0.441114, 0.877058
0.310468, 0.799776
0.560157, 0.729822
0.614861, 0.385685
0.948897, 0.854045
0.267338, 0.901932
0.686918, 0.447989
0.654413, 0.399126
0.708056, 0.507470
0.194618, 0.935362
0.759982, 0.211161
0.647788, 0.370651
0.742280, 0.913300
0.560192, 0.264606
0.972961, 0.740953
0.272167, 0.927387
0.673375, 0.210106
0.965974, 0.839521
0.590527, 0.512674
0.639103, 0.283682
0.658657, 0.271256
0.769451, 0.337863
0.222765, 0.458469
0.589881, 0.728081
0.458009, 0.963958
0.364773, 0.882371
0.670529, 0.349828
0.322800, 0.516936
0.699894, 0.238216
0.877171, 0.564582
0.241911, 0.241619
0.250339, 0.387585
0.584942, 0.712518
0.233298, 0.859843
0.767759, 0.357640
0.399663, 0.842332
0.632280, 0.891382
0.594133, 0.418121
0.113243, 0.962101
0.624107, 0.309064
0.964968, 0.878388
0.490056, 0.844067
0.361643, 0.358805
0.868391, 0.816269
0.939821, 0.137435
0.989258, 0.602795
0.552282, 0.722171
0.779345, 0.912755
0.988063, 0.876173
0.921098, 0.086701
0.388278, 0.979744
0.411133, 0.643483
0.390843, 0.641328
0.854306, 0.969850
0.461584, 0.912860
0.903613, 0.441549
0.698026, 0.503827
0.486194, 0.981270
0.611177, 0.847054
0.830522, 0.510977
0.558654, 0.500790
0.552866, 0.592220
0.972824, 0.660763
0.973131, 0.874784
0.508097, 0.592365
0.655498, 0.897987
0.561521, 0.762982
0.213283, 0.611591
0.666359, 0.757967
0.755905, 0.347938
0.373061, 0.638739
0.140921, 0.644061
0.168245, 0.456016
0.554172, 0.348256
0.330179, 0.443749
0.590816, 0.683405
0.822312, 0.477136
0.547318, 0.682124
0.403019, 0.665841
0.662718, 0.993841
0.189005, 0.398999
0.705141, 0.640113
0.805394, 0.904720
0.884597, 0.881033
0.475782, 0.450609
0.032658, 0.453474
0.404948, 0.986851
0.736615, 0.669409
0.743676, 0.987738
0.591166, 0.976628
0.766926, 0.756393
0.571469, 0.814546
0.792312, 0.490120
0.544081, 0.694082
0.796724, 0.344593
0.730240, 0.612108
0.602125, 0.854365
0.094668, 0.765440
0.817904, 0.249245
0.122005, 0.934647
0.993931, 0.996736
0.483850, 0.310949
0.534899, 0.784969
0.241402, 0.423888
0.660421, 0.891574
0.449615, 0.800944
0.969048, 0.861936
0.613330, 0.284925
0.266570, 0.160862
0.352418, 0.796483
0.966596, 0.320440
0.880985, 0.905312
0.914627, 0.868136
0.371507, 0.088355
0.622796, 0.744720
0.970411, 0.952560
0.919004, 0.431876
0.908012, 0.927219
0.885993, 0.549673
0.786885, 0.836041
0.866627, 0.909464
0.284274, 0.703846
0.962967, 0.972441
0.572352, 0.508694
0.195936, 0.504857
0.319302, 0.779560
0.294711, 0.701736
0.954507, 0.322961
0.946586, 0.978406
0.978194, 0.842340
0.497456, 0.772104
0.245194, 0.500101
0.959042, 0.782218
0.981672, 0.333510
0.289356, 0.548350
0.352712, 0.394797
0.483669, 0.835279
0.451464, 0.124609
0.073825, 0.834255
0.465222, 0.225279
0.777959, 0.659917
0.635426, 0.492663
0.106516, 0.491593
0.100772, 0.762258
0.658999, 0.875720
0.127084, 0.100489
0.547022, 0.913441
0.413722, 0.888204
0.670001, 0.564998
0.750111, 0.865602
0.329432, 0.548514
0.713402, 0.385846
0.643189, 0.886877
0.881525, 0.380083
0.242517, 0.637135
0.120078, 0.657050
0.287519, 0.478181
0.516945, 0.756363
0.940939, 0.451008
0.419030, 0.557690
0.189670, 0.378439
0.967598, 0.675585
0.722666, 0.434143
0.543388, 0.971929
0.786121, 0.787112
0.780593, 0.398630
0.987904, 0.823705
0.432547, 0.794881
0.799831, 0.866301
0.657909, 0.576500
0.406403, 0.801701
0.695568, 0.723966
0.741985, 0.251455
0.963724, 0.782668
0.731021, 0.693578
0.444292, 0.887870
0.819684, 0.140669
0.304374, 0.706635
0.828514, 0.161909
0.027729, 0.026378
0.799201, 0.814167
0.764462, 0.797911
0.742798, 0.501496
0.666801, 0.155673
0.521983, 0.837640
0.035969, 0.942986
0.608022, 0.532869
0.722871, 0.941439
0.297164, 0.908984
0.738684, 0.446909
0.344036, 0.844644
0.829110, 0.565898
0.236641, 0.513175
0.746306, 0.362068
0.840875, 0.671148
0.864377, 0.759432
0.584630, 0.535842
0.322636, 0.922499
0.383880, 0.432113
0.788018, 0.123273
0.456789, 0.664185
0.664644, 0.282871
0.985977, 0.327048
0.778013, 0.112076
0.159363, 0.208515
0.864720, 0.549389
0.561198, 0.523660
0.893498, 0.561382
0.604149, 0.941064
0.912432, 0.896348
0.988141, 0.548503
0.853623, 0.205832
0.934307, 0.714547
0.543224, 0.464799
0.612363, 0.888758
0.389426, 0.961825
0.423421, 0.626736
0.671419, 0.920616
0.184902, 0.824903
0.832226, 0.757319
0.785080, 0.577425
0.765101, 0.235211
0.118273, 0.214622
0.237567, 0.953989
0.547526, 0.417955
0.333794, 0.543973
0.685418, 0.931234
0.421529, 0.964096
0.602989, 0.674565
0.536439, 0.369736
0.288751, 0.981154
0.149641, 0.334145
0.693406, 0.995967
0.688699, 0.528280
0.592609, 0.859836
0.412084, 0.762843
0.266560, 0.521569
0.691254, 0.727287
0.763045, 0.896848
0.603791, 0.906546
0.482296, 0.588492
0.539940, 0.812919
0.119346, 0.404013
0.248975, 0.426839
0.540181, 0.804118
0.243618, 0.998876
0.862027, 0.406500
0.849068, 0.630913
0.256953, 0.960810
0.594792, 0.843084
0.232293, 0.760128
0.384240, 0.833532
0.225255, 0.915228
0.536414, 0.403880
0.649713, 0.859894
0.810752, 0.590830
0.092552, 0.423718
0.811692, 0.739164
0.727079, 0.388467
0.804452, 0.196740
0.411241, 0.779085
0.398036, 0.535664
0.846671, 0.980040
0.536482, 0.644912
0.752783, 0.747495
0.858145, 0.780841
0.820614, 0.627632
0.857959, 0.904441
0.838119, 0.573313
0.902529, 0.970031
0.730953, 0.866957
0.596755, 0.498621
0.479221, 0.094574
0.916148, 0.915965
0.491466, 0.848880
0.656823, 0.371900
0.457227, 0.271984
0.848886, 0.970776
0.024325, 0.289870
0.755901, 0.869647
0.675044, 0.623381
0.629719, 0.539146
0.542718, 0.843084
0.877466, 0.835607
0.406210, 0.096036
0.706953, 0.714718
0.490820, 0.370799
0.958958, 0.460792
0.538691, 0.882388
0.983966, 0.865282
0.752389, 0.731256
0.710983, 0.976012
0.261973, 0.524241
0.803327, 0.900006
0.693349, 0.479779
0.994618, 0.982401
0.629385, 0.838859
0.187205, 0.564449
0.543048, 0.793181
0.160487, 0.262455
0.710430, 0.613711
0.737850, 0.975792
0.910929, 0.500829
0.958041, 0.875545
0.421671, 0.694938
0.531677, 0.977674
0.763687, 0.931167
0.824861, 0.718218
0.601996, 0.315921
0.842115, 0.672206
0.708879, 0.460229
0.829894, 0.534624
0.538053, 0.926466
0.752485, 0.369877
0.318020, 0.656395
0.838059, 0.770000
0.805622, 0.907655
0.744375, 0.722660
0.354569, 0.101592
0.885409, 0.333925
0.979081, 0.471662
0.797237, 0.848322
0.671784, 0.033585
0.418010, 0.835279
0.412243, 0.993780
0.553354, 0.281998
0.303642, 0.693961
0.968505, 0.428689
0.241079, 0.499775
0.591558, 0.656600
0.506605, 0.487205
0.603532, 0.851112
0.534155, 0.989744
0.444929, 0.445198
0.274833, 0.609773
0.923929, 0.442251
0.639392, 0.466403
0.552708, 0.550060
0.967667, 0.648345
0.965909, 0.810037
0.934499, 0.923365
0.755054, 0.779522
0.498540, 0.526052
0.540042, 0.996713
0.832052, 0.944962
0.281995, 0.208232
0.106982, 0.824996
0.443190, 0.404142
0.719259, 0.322468
0.372437, 0.984116
0.770768, 0.261610
0.831877, 0.664805
0.258583, 0.827985
0.377512, 0.816563
0.418856, 0.911123
0.929308, 0.512290
0.428161, 0.526701
0.920900, 0.377550
0.869923, 0.293022
0.204658, 0.630950
0.741182, 0.684506
0.696692, 0.235056
0.629988, 0.593403
0.679820, 0.466403
0.689632, 0.925977
0.357863, 0.868838
0.095826, 0.723973
0.545710, 0.713144
0.708924, 0.854457
0.738999, 0.666396
0.906999, 0.552284
0.928279, 0.368764
0.859861, 0.448325
0.287959, 0.048928
0.009401, 0.618831
0.889206, 0.739498
0.890063, 0.551950
0.403716, 0.424000
0.956843, 0.539677
0.189550, 0.629495
0.730762, 0.416044
0.370446, 0.885562
0.602537, 0.552284
0.628336, 0.819312
0.618040, 0.534413
0.497896, 0.636517
0.512237, 0.847563
0.176122, 0.633195
0.697810, 0.813338
0.754072, 0.904869
0.652195, 0.946278
0.645543, 0.731525
0.601269, 0.824144
0.736431, 0.443408
0.821770, 0.365881
0.165577, 0.031001
0.852451, 0.416621
0.446959, 0.602598
0.235179, 0.720215
0.423675, 0.123918
0.762432, 0.845333
0.359050, 0.717373
0.805070, 0.450595
0.646838, 0.614122
0.020311, 0.771822
0.849303, 0.962226
0.755906, 0.515211
0.386530, 0.083484
0.644920, 0.547943
0.280502, 0.880132
0.876547, 0.360643
0.615920, 0.526902
0.760969, 0.856631
0.736932, 0.864274
0.526936, 0.740168
0.878720, 0.193966
0.719256, 0.320402
0.470097, 0.558403
0.786545, 0.712581
0.281521, 0.209728
0.830439, 0.605289
0.984343, 0.423242
0.478486, 0.783207
0.294832, 0.764253
0.929827, 0.541865
0.999055, 0.658083
0.494038, 0.941559
0.172942, 0.963314
0.195521, 0.308079
0.959416, 0.593163
0.919573, 0.426236
0.322341, 0.559009
0.155557, 0.180673
0.520850, 0.205517
0.433030, 0.994557
0.895308, 0.183911
0.816536, 0.508303
0.776659, 0.877451
0.679789, 0.351788
0.700210, 0.528003
0.414978, 0.555202
0.466618, 0.523322
0.498678, 0.971022
0.623264, 0.952637
0.794711, 0.454335
0.846441, 0.872758
0.609897, 0.736935
0.772954, 0.617047
0.326248, 0.995967
0.056300, 0.592285
0.876628, 0.309401
0.716105, 0.452730
0.352652, 0.209494
0.372358, 0.983968
0.419468, 0.908249
0.783429, 0.803938
0.352942, 0.897290
0.694743, 0.528550
0.573393, 0.574141
0.601302, 0.921301
0.710773, 0.791119
0.926367, 0.346864
0.442226, 0.267384
0.436383, 0.866144
0.770136, 0.892197
0.675223, 0.107242
0.765620, 0.676296
0.198661, 0.695323
0.739773, 0.462301
0.392612, 0.948791
0.704107, 0.262654
0.960751, 0.981816
0.780146, 0.825247
0.701578, 0.694082
0.338819, 0.654873
0.108005, 0.988408
0.119131, 0.557396
0.770042, 0.907336
0.923407, 0.695294
0.738740, 0.501672
0.845725, 0.998275
0.486076, 0.262205
0.580908, 0.578311
0.950763, 0.334042
0.638602, 0.908938
0.616431, 0.294898
0.508522, 0.742705
0.949947, 0.906311
0.383065, 0.296129
0.403997, 0.459891
0.962320, 0.848123
0.757026, 0.733305
0.393079, 0.020582
0.203813, 0.870064
0.899385, 0.807548
0.328952, 0.806375
0.641463, 0.352917
0.814248, 0.821481
0.943504, 0.953912
0.906641, 0.949246
0.822591, 0.979662
0.810372, 0.975921
0.452962, 0.640775
0.230513, 0.782153
0.978755, 0.682663
0.286166, 0.894724
0.306329, 0.482508
0.927390, 0.511578
0.694959, 0.487834
0.355125, 0.716561
0.988574, 0.459206
0.252242, 0.388467
0.923500, 0.542472
0.899542, 0.580813
0.454992, 0.851173
0.494799, 0.861592
0.851582, 0.702876
0.668837, 0.675467
0.969419, 0.754813
0.188169, 0.279479
0.993308, 0.043793
0.574597, 0.965429
0.732821, 0.654176
0.326553, 0.475066
0.834072, 0.506989
0.221495, 0.481221
0.580719, 0.718610
0.859056, 0.975792
0.521911, 0.990947
0.886778, 0.774409
0.837081, 0.967325
0.398325, 0.800136
0.098453, 0.958353
0.658584, 0.855724
0.595907, 0.350096
0.415522, 0.525743
0.460592, 0.441163
0.721589, 0.851252
0.976410, 0.803269
0.338388, 0.536572
0.516134, 0.476539
0.628502, 0.806571
0.615471, 0.268726
0.142525, 0.566897
0.729149, 0.731338
0.664177, 0.705305
0.253711, 0.946306
0.284014, 0.798019
0.375093, 0.963507
0.733451, 0.993201
0.858788, 0.506330
0.957495, 0.119306
0.171533, 0.370698
0.821674, 0.085288
0.841498, 0.540460
0.742262, 0.387932
0.288648, 0.867893
0.986301, 0.738003
0.545618, 0.949021
0.450453, 0.682647
0.635583, 0.304727
0.429536, 0.496514
0.589166, 0.940678
0.472793, 0.626622
0.665770, 0.186124
0.135039, 0.633921
0.474297, 0.963101
0.771738, 0.459704
0.347361, 0.843947
0.246782, 0.450968
0.265376, 0.292110
0.921025, 0.462762
0.943139, 0.697558
0.747748, 0.809047
0.777636, 0.911759
0.457044, 0.691793
0.308552, 0.752841
0.756078, 0.948822
0.305905, 0.361094
0.439091, 0.844219
0.488903, 0.848608
0.140964, 0.981882
0.859689, 0.479653
0.235889, 0.919723
0.952049, 0.385870
0.140414, 0.436392
0.443320, 0.679382
0.469684, 0.978908
0.478200, 0.963763
0.648432, 0.438743
0.567644, 0.648329
0.175103, 0.575463
0.566339, 0.869958
0.294919, 0.778668
0.033316, 0.944356
0.748059, 0.903879
0.090067, 0.978622
0.389197, 0.428167
0.731182, 0.678988
0.904718, 0.502474
0.670136, 0.531102
0.628775, 0.412066
0.352775, 0.935520
0.554515, 0.473735
0.860267, 0.746489
0.821494, 0.600891
0.550103, 0.883501
0.445591, 0.915260
0.685368, 0.548262
0.236832, 0.564740
0.497632, 0.831248
0.174813, 0.604722
0.374137, 0.133451
0.694536, 0.909867
0.541780, 0.972553
0.400455, 0.614423
0.328622, 0.753199
0.669928, 0.279896
0.754920, 0.304952
0.898821, 0.601267
0.300461, 0.939788
0.560756, 0.342186
0.553454, 0.866352
0.795791, 0.846401
0.363029, 0.141916
0.888332, 0.649108
0.732424, 0.353260
0.531059, 0.729916
0.780095, 0.333957
0.686078, 0.531346
0.876167, 0.669873
0.732098, 0.134010
0.385751, 0.431536
0.801725, 0.780398
0.713386, 0.550039
0.645935, 0.697309
0.616368, 0.911851
0.614796, 0.700612
0.437521, 0.560891
0.749290, 0.401625
0.483947, 0.474679
0.210809, 0.358037
0.449004, 0.998961
0.931578, 0.769124
0.758613, 0.004804
0.581867, 0.186171
0.574968, 0.780839
0.777360, 0.465386
0.615568, 0.610895
0.665207, 0.785418
0.982116, 0.884243
0.059248, 0.762731
0.822544, 0.240607
0.645825, 0.230858
0.631443, 0.851296
0.721367, 0.590288
0.074507, 0.449915
0.484498, 0.357932
0.261604, 0.695679
0.955138, 0.323698
0.697798, 0.445088
0.546114, 0.472386
0.956861, 0.948466
0.453259, 0.809719
0.803616, 0.409615
0.612169, 0.635265
0.515359, 0.916584
0.195523, 0.523322
0.815551, 0.796449
0.068011, 0.508531
0.546913, 0.985374
0.439885, 0.996278
0.627441, 0.635025
0.397202, 0.716041
0.998512, 0.729779
0.783388, 0.988071
0.843058, 0.591234
0.933930, 0.814817
0.822556, 0.634858
0.728377, 0.606745
0.390287, 0.461823
0.666841, 0.505481
0.890811, 0.853824
0.370743, 0.905894
0.986966, 0.816336
0.876154, 0.476742
0.751778, 0.927792
0.675524, 0.715530
0.372284, 0.324110
0.864363, 0.717017
0.800031, 0.764311
0.147808, 0.695323
0.304121, 0.535551
0.933814, 0.805875
0.849266, 0.478239
0.608701, 0.222537
0.371649, 0.380950
0.160698, 0.336558
0.162110, 0.632237
0.897737, 0.616842
0.441473, 0.672732
0.781644, 0.414495
0.748792, 0.646654
0.432516, 0.996358
0.959923, 0.978788
0.728670, 0.773517
0.860170, 0.858554
0.386465, 0.465856
0.840499, 0.567751
0.399954, 0.424898
0.484222, 0.928361
0.487459, 0.643759
0.333859, 0.630145
0.360342, 0.898195
0.457780, 0.224004
0.795589, 0.497040
0.609701, 0.664597
0.898514, 0.951331
0.900098, 0.547235
0.141006, 0.606565
0.518636, 0.853018
0.351780, 0.435699
0.993298, 0.886707
0.785188, 0.320648
0.178091, 0.767067
0.772040, 0.941862
0.262727, 0.043876
0.751395, 0.772776
0.195221, 0.778444
0.813111, 0.239017
0.560098, 0.596906
0.524173, 0.785232
0.611970, 0.202486
0.689456, 0.940058
0.616521, 0.539576
0.157304, 0.798019
0.712863, 0.968336
0.637959, 0.573199
0.810669, 0.629620
0.295309, 0.539494
0.966648, 0.232675
0.585640, 0.234168
0.339532, 0.745764
0.805094, 0.622629
0.832241, 0.710196
0.837882, 0.931290
0.443690, 0.353920
0.752812, 0.994990
0.513045, 0.197480
0.547634, 0.379851
0.830070, 0.980511
0.648175, 0.965971
0.951686, 0.595044
0.865648, 0.926748
0.856138, 0.639029
0.597715, 0.786290
0.219308, 0.987581
0.418279, 0.859843
0.193746, 0.582084
0.306877, 0.956833
0.431500, 0.896440
0.217065, 0.914160
0.177097, 0.686435
0.624238, 0.470826
0.891116, 0.848891
0.351590, 0.618067
0.634795, 0.507345
0.262687, 0.396428
0.245189, 0.581974
0.717549, 0.247434
0.546527, 0.670679
0.464229, 0.331587
0.401115, 0.056904
0.133063, 0.357301
0.524083, 0.998693
0.686493, 0.868702
0.747817, 0.840205
0.588428, 0.505327
0.634082, 0.723673
0.974167, 0.541340
0.097918, 0.531780
0.822891, 0.144878
0.881019, 0.872628
0.860154, 0.984656
0.568430, 0.427924
0.193859, 0.937309
0.371656, 0.845941
0.854225, 0.650487
0.906438, 0.592681
0.664761, 0.064813
0.472027, 0.638451
0.817491, 0.660059
0.477467, 0.814014
0.775489, 0.650965
0.285449, 0.856492
0.349643, 0.847337
0.253381, 0.796243
0.585259, 0.868813
0.742638, 0.832695
0.794218, 0.966745
0.317380, 0.778908
0.655898, 0.694851
0.962280, 0.492845
0.400567, 0.797871
0.534186, 0.935875
0.506678, 0.379151
0.834975, 0.409808
0.890788, 0.876846
0.792167, 0.408125
0.478122, 0.853363
0.648988, 0.943701
0.976336, 0.756199
0.931003, 0.896904
0.868295, 0.382186
0.362079, 0.817536
0.885059, 0.857278
0.636816, 0.909616
0.910754, 0.887365
0.956807, 0.525546
0.967192, 0.699489
0.336610, 0.341164
0.668626, 0.466253
0.538396, 0.221432
0.270849, 0.652699
0.986110, 0.276618
0.723099, 0.471155
0.604439, 0.976388
0.748630, 0.790676
0.698938, 0.817421
0.358459, 0.975657
0.091542, 0.496480
0.585743, 0.625621
0.381715, 0.892379
0.838985, 0.319942
0.488527, 0.382570
0.475953, 0.845112
0.702544, 0.652264
0.217540, 0.278556
0.561284, 0.564366
0.457671, 0.577994
0.818319, 0.221911
0.401277, 0.950662
0.718514, 0.829984
0.662135, 0.849894
0.706369, 0.244568
0.605384, 0.813619
0.218322, 0.159447
0.194029, 0.679701
0.950962, 0.412014
0.179011, 0.706903
0.315728, 0.774409
0.264167, 0.463229
0.625523, 0.763822
0.974153, 0.417985
0.989076, 0.191181
0.991866, 0.693110
0.989165, 0.898430
0.600688, 0.324222
0.834070, 0.667537
0.378498, 0.985567
0.545478, 0.665371
0.823214, 0.581235
0.994050, 0.432735
0.855845, 0.161380
0.983816, 0.567144
0.954816, 0.614526
0.345773, 0.656863
0.729952, 0.333825
0.914312, 0.872412
0.351807, 0.772858
0.369100, 0.848608
0.582895, 0.937389
0.989142, 0.838238
0.319026, 0.887980
0.365372, 0.236933
0.650953, 0.947547
0.641371, 0.985223
0.687558, 0.798658
0.203197, 0.455915
0.205569, 0.310767
0.939919, 0.673143
0.727606, 0.468161
0.397572, 0.324110
0.431222, 0.556023
0.572769, 0.636032
0.670476, 0.172884
0.561211, 0.190593
0.884966, 0.912415
0.421380, 0.768788
0.454252, 0.423739
0.681721, 0.993148
0.864534, 0.556672
0.959431, 0.314082
0.679911, 0.439801
0.093624, 0.563646
0.635462, 0.619670
0.878170, 0.295640
0.410725, 0.468480
0.761276, 0.919166
0.201767, 0.486790
0.731123, 0.546472
0.270693, 0.854917
0.560413, 0.682721
0.797042, 0.713925
0.326440, 0.697921
0.392241, 0.600422
0.519647, 0.227742
0.887156, 0.977886
0.715406, 0.771521
0.253553, 0.393876
0.488967, 0.790248
0.872104, 0.848199
0.559287, 0.111516
0.108110, 0.697484
0.378677, 0.777756
0.268160, 0.619457
0.461751, 0.680156
0.461124, 0.747235
0.586568, 0.635233
0.341344, 0.832080
0.436845, 0.992922
0.424721, 0.620706
0.338286, 0.995670
0.622664, 0.898664
0.550556, 0.813338
0.542727, 0.169641
0.402469, 0.852992
0.897026, 0.747098
0.651552, 0.782515
0.196409, 0.346513
0.201221, 0.202650
0.346654, 0.174082
0.239813, 0.761231
0.507307, 0.842767
0.994054, 0.774587
0.056154, 0.437697
0.522650, 0.583931
0.273866, 0.622500
0.782159, 0.949632
0.537328, 0.829301
0.957779, 0.679065
0.088295, 0.406378
0.704775, 0.263927
0.981549, 0.961074
0.821955, 0.144367
0.634245, 0.491513
0.284943, 0.675877
0.625638, 0.605742
0.917734, 0.145578
0.572032, 0.817533
0.944177, 0.547527
0.678840, 0.317037
0.936067, 0.701604
0.307809, 0.630145
0.667531, 0.545015
0.925513, 0.848025
0.911784, 0.383655
0.492807, 0.983556
0.948292, 0.707207
0.808347, 0.433978
0.396983, 0.112228
0.931514, 0.524985
0.299848, 0.854080
0.676620, 0.390147
0.228703, 0.383327
0.954671, 0.532168
0.757435, 0.713883
0.263933, 0.950211
0.936526, 0.252494
0.482062, 0.839238
0.834031, 0.529698
0.968071, 0.957988
0.255405, 0.505057
0.351527, 0.952641
0.184327, 0.202678
0.265735, 0.915261
0.696986, 0.587023
0.685195, 0.221046
0.767440, 0.704948
0.931701, 0.912050
0.431724, 0.375221
0.759345, 0.375525
0.963224, 0.723167
0.871910, 0.603604
0.503248, 0.245527
0.976834, 0.433183
0.371955, 0.587415
0.941035, 0.192065
0.079601, 0.717758
0.363771, 0.878035
0.610001, 0.872218
0.227957, 0.025324
0.296431, 0.450064
0.651500, 0.060481
0.923337, 0.281212
0.211638, 0.797168
0.509862, 0.313101
0.186716, 0.438868
0.155190, 0.402493
0.459758, 0.739840
0.424625, 0.543518
0.722500, 0.634826
0.850955, 0.437073
0.200531, 0.394854
0.476537, 0.244453
0.370258, 0.786548
0.868995, 0.776091
0.976593, 0.612012
0.358540, 0.061083
0.775097, 0.879983
0.952179, 0.165606
0.605605, 0.473219
0.592563, 0.371536
0.859291, 0.397534
0.887883, 0.846680
0.804754, 0.789853
0.515857, 0.298333
0.401311, 0.470514
0.469807, 0.706495
0.327813, 0.366733
0.113009, 0.613173
0.191579, 0.633994
0.998200, 0.687347
0.224848, 0.625641
0.532698, 0.665123
0.739492, 0.802720
0.540963, 0.618663
0.736951, 0.483394
0.754897, 0.915110
0.464211, 0.673212
0.335935, 0.317501
0.911600, 0.601949
0.726411, 0.301598
0.576081, 0.791048
0.767022, 0.627098
0.311668, 0.324870
0.777187, 0.924779
0.495521, 0.739840
0.706708, 0.492982
0.936000, 0.971343
0.865482, 0.339196
0.850336, 0.274832
0.146526, 0.844968
0.640699, 0.817256
0.302247, 0.705462
0.752693, 0.515897
0.315766, 0.286577
0.441449, 0.453474
0.984234, 0.107242
0.648959, 0.881712
0.525041, 0.335861
0.962276, 0.817926
0.370845, 0.898224
0.998134, 0.946971
0.981363, 0.495646
0.985137, 0.135017
0.843952, 0.247946
0.581198, 0.924884
0.635032, 0.182295
0.396409, 0.400999
0.236863, 0.654772
0.641086, 0.708887
0.145430, 0.596445
0.982247, 0.931008
0.146027, 0.897826
0.769678, 0.621331
0.786017, 0.252274
0.994377, 0.564013
0.823411, 0.381068
0.360945, 0.599503
0.170341, 0.053772
0.490815, 0.572137
0.790176, 0.434010
0.929479, 0.941862
0.173354, 0.920616
0.837151, 0.813237
0.889972, 0.555229
0.643043, 0.353161
0.699607, 0.942107
0.568200, 0.967352
0.370956, 0.995184
0.558492, 0.545797
0.287098, 0.248587
0.598590, 0.796705
0.603691, 0.872483
0.869588, 0.719250
0.719286, 0.602638
0.773359, 0.488535
0.230245, 0.433010
0.983171, 0.489349
0.440501, 0.059670
0.893601, 0.275820
0.976395, 0.965935
0.518668, 0.269251
0.673505, 0.605602
0.254563, 0.313683
0.712795, 0.047806
0.670503, 0.978885
0.457643, 0.445925
0.215797, 0.328978
0.380124, 0.878512
0.829884, 0.750850
0.455898, 0.235172
0.562596, 0.314092
0.916015, 0.494267
0.860932, 0.610751
0.362260, 0.347412
0.906266, 0.866992
0.693668, 0.360785
0.129818, 0.987241
0.945435, 0.928747
0.498123, 0.697889
0.890506, 0.688139
0.852750, 0.581612
0.181033, 0.723262
0.221970, 0.525191
0.844410, 0.147216
0.292529, 0.625844
0.165985, 0.897067
0.940610, 0.885054
0.820248, 0.540717
0.406661, 0.652476
0.966962, 0.658672
0.600504, 0.917435
0.834249, 0.237115
0.823223, 0.418942
0.612014, 0.430468
0.286624, 0.859361
0.753994, 0.669527
0.316097, 0.488270
0.199127, 0.713967
0.960274, 0.828786
0.636754, 0.929239
0.659786, 0.344219
0.069356, 0.594431
0.452879, 0.415271
0.935893, 0.919390
0.976792, 0.744655
0.885213, 0.917347
0.600046, 0.763487
0.458291, 0.634729
0.637408, 0.443136
0.800161, 0.372157
0.254474, 0.446963
0.933652, 0.796373
0.343074, 0.275134
0.176155, 0.178835
0.360461, 0.690573
0.829552, 0.346718
0.504782, 0.817892
0.339326, 0.449174
0.490312, 0.812639
0.552794, 0.492315
0.595420, 0.689122
0.751904, 0.147001
0.470023, 0.883342
0.577346, 0.499366
0.813327, 0.553522
0.784756, 0.360785
0.476725, 0.974813
0.770751, 0.954432
0.826928, 0.742862
0.793613, 0.259002
0.236449, 0.306755
0.382628, 0.117460
0.684241, 0.204076
0.683573, 0.761845
0.171864, 0.996027
0.856386, 0.708145
0.605418, 0.844970
0.787685, 0.459190
0.433120, 0.978968
0.291707, 0.854457
0.556417, 0.568003
0.759800, 0.671791
0.328649, 0.735992
0.854983, 0.980246
0.803042, 0.170030
0.807333, 0.917306
0.470344, 0.964832
0.564492, 0.578288
0.367363, 0.818026
0.804456, 0.217160
0.591772, 0.905522
0.720529, 0.679148
0.987384, 0.891750
0.159571, 0.888560
0.558327, 0.814053
0.871238, 0.834865
0.874453, 0.375673
0.605999, 0.951803
0.306946, 0.756944
0.666008, 0.975682
0.692146, 0.452533
0.705223, 0.229394
0.706916, 0.987418
0.586159, 0.840506
0.806831, 0.452730
0.890435, 0.689541
0.257863, 0.963248
0.591459, 0.761382
0.834547, 0.661731
0.692023, 0.682891
0.644872, 0.889924
0.740270, 0.605325
0.330937, 0.819291
0.220927, 0.894913
0.817622, 0.114391
0.597564, 0.408292
0.613279, 0.826682
0.279053, 0.969481
0.444647, 0.576877
0.352867, 0.715633
0.913404, 0.385130
0.860837, 0.043156
0.954667, 0.549754
0.786564, 0.385870
0.564581, 0.617684
0.797842, 0.902838
0.957292, 0.619643
0.431019, 0.996013
0.430913, 0.569470
0.783668, 0.790161
0.913781, 0.477707
0.282130, 0.835434
0.975513, 0.641782
0.941610, 0.366099
0.073053, 0.641368
0.233151, 0.468144
0.816832, 0.641655
0.738121, 0.838929
0.938010, 0.938143
0.785744, 0.673786
0.138052, 0.947962
0.728257, 0.408248
0.254003, 0.291318
0.973233, 0.579933
0.290642, 0.837879
0.522548, 0.947946
0.268149, 0.964273
0.699650, 0.471052
0.913858, 0.505892
0.648739, 0.928291
0.572376, 0.549801
0.477148, 0.152706
0.234186, 0.349530
0.442101, 0.907496
0.627666, 0.383026
0.743863, 0.466685
0.276343, 0.470732
0.768061, 0.814241
0.272189, 0.697410
0.702891, 0.340667
0.546861, 0.266472
0.665706, 0.235100
0.868523, 0.770895
0.737600, 0.841577
0.430507, 0.692003
0.988586, 0.315281
0.988279, 0.410853
0.707235, 0.136098
0.097376, 0.624254
0.240803, 0.873757
0.513008, 0.608932
0.362995, 0.796103
0.684230, 0.876369
0.766752, 0.693578
0.621946, 0.871594
0.614294, 0.441379
0.297254, 0.968072
0.782708, 0.163715
0.645723, 0.876684
0.720943, 0.976591
0.429408, 0.992234
0.769506, 0.940857
0.904539, 0.265952
0.749914, 0.300036
0.950839, 0.792089
0.206213, 0.842481
0.878824, 0.743012
0.906268, 0.261989
0.612836, 0.709962
0.844582, 0.744707
0.927691, 0.316851
0.922109, 0.871797
0.338026, 0.638198
0.826516, 0.692434
0.067782, 0.628800
0.666560, 0.325875
0.972977, 0.400013
0.739827, 0.231683
0.628113, 0.537455
0.501983, 0.654422
0.863111, 0.552616
0.644352, 0.179222
0.775325, 0.455255
0.289941, 0.305066
0.516498, 0.370750
0.917712, 0.408274
0.221142, 0.743830
0.544397, 0.397961
0.422010, 0.930112
0.704962, 0.850444
0.496585, 0.963972
0.296155, 0.929812
0.525487, 0.477015
0.935402, 0.998346
0.485948, 0.944528
0.232551, 0.726952
0.918801, 0.981301
0.417722, 0.803296
0.522681, 0.590535
0.509992, 0.396042
0.583639, 0.773164
0.656036, 0.654375
0.959999, 0.977071
0.225561, 0.892217
0.118533, 0.473317
0.119710, 0.980746
0.655908, 0.963506
0.519676, 0.755765
0.679756, 0.491161
0.707596, 0.305923
0.370426, 0.260119
0.480239, 0.374159
0.414828, 0.831811
0.320951, 0.756229
0.594051, 0.714924
0.954958, 0.350839
0.569231, 0.447659
0.238094, 0.433186
0.793101, 0.589226
0.945820, 0.889915
0.307869, 0.596953
0.720682, 0.695815
0.490929, 0.971343
0.916733, 0.668116
0.461268, 0.748406
0.860756, 0.906592
0.770871, 0.922499
0.528606, 0.761970
0.952902, 0.827985
0.465778, 0.491308
0.978776, 0.722171
0.485858, 0.827428
0.772128, 0.736975
0.444191, 0.587316
0.944542, 0.759819
0.816326, 0.776434
0.944719, 0.842295
0.366537, 0.868601
0.889309, 0.478659
0.713824, 0.609620
0.858431, 0.662690
0.355535, 0.818924
0.581059, 0.804109
0.724155, 0.792124
0.825300, 0.458301
0.119625, 0.355813
0.736291, 0.425132
0.160952, 0.945725
0.399282, 0.572659
0.915985, 0.633530
0.667834, 0.333322
0.370572, 0.958061
0.244450, 0.404883
0.573391, 0.607543
0.499216, 0.919495
0.654428, 0.330833
0.645492, 0.361769
0.944396, 0.897067
0.595585, 0.808221
0.091651, 0.924519
0.580844, 0.213800
0.903264, 0.252678
0.556512, 0.856067
0.497576, 0.816987
0.320439, 0.834268
0.807162, 0.298372
0.925070, 0.929828
0.547372, 0.686378
0.020612, 0.604955
0.794511, 0.587065
0.623269, 0.691223
0.386251, 0.880311
0.800202, 0.912755
0.496713, 0.554460
0.135571, 0.467240
0.805365, 0.745395
0.232024, 0.679148
0.798608, 0.873888
0.216951, 0.365135
0.687883, 0.316281
0.264411, 0.877506
0.368821, 0.997086
0.431897, 0.532152
0.199656, 0.078792
0.677831, 0.482545
0.962617, 0.743527
0.445201, 0.983898
0.934077, 0.577308
0.503506, 0.501336
0.217637, 0.775520
0.341502, 0.371275
0.367592, 0.774347
0.842394, 0.157223
0.711314, 0.501213
0.360217, 0.175690
0.144743, 0.858109
0.412971, 0.740193
0.502976, 0.201866
0.353917, 0.891750
0.794415, 0.890638
0.313558, 0.416451
0.716463, 0.697575
0.342040, 0.977941
0.460171, 0.844548
0.453468, 0.862702
0.272877, 0.138251
0.907470, 0.899656
0.329035, 0.940222
0.733081, 0.822263
0.220753, 0.912611
0.739712, 0.739045
0.404626, 0.791431
0.867786, 0.754441
0.285326, 0.990218
0.991851, 0.996383
0.508459, 0.537251
0.433274, 0.879745
0.293682, 0.312173
0.568995, 0.995967
0.473505, 0.760830
0.248865, 0.621129
0.775615, 0.058977
0.983671, 0.452267
0.676204, 0.526190
0.366918, 0.734954
0.442940, 0.935262
0.728219, 0.379798
0.830594, 0.993800
0.547686, 0.747575
0.077272, 0.673237
0.439214, 0.567974
0.460124, 0.359718
0.823136, 0.685807
0.232461, 0.076637
0.945187, 0.794150
0.725425, 0.415204
0.931543, 0.285785
0.709996, 0.596750
0.707033, 0.708473
0.867135, 0.202738
0.369413, 0.891060
0.652557, 0.900607
0.921192, 0.279266
0.145602, 0.949601
0.883502, 0.605992
0.809740, 0.600431
0.328815, 0.914407
0.433079, 0.352130
0.896651, 0.678396
0.960953, 0.624220
0.882634, 0.938840
0.486399, 0.845798
0.428193, 0.621556
0.389449, 0.625181
0.722884, 0.898924
0.563056, 0.652873
0.463149, 0.300450
0.301952, 0.452089
0.856400, 0.987954
0.291661, 0.554968
0.898165, 0.966537
0.923707, 0.118076
0.761323, 0.249274
0.508173, 0.900949
0.618784, 0.695040
0.580748, 0.420102
0.874372, 0.106285
0.298782, 0.792996
0.351141, 0.768439
0.203761, 0.865710
0.569227, 0.532287
0.745892, 0.065535
0.581255, 0.183453
0.023174, 0.358621
0.854022, 0.465856
0.898570, 0.473317
0.609228, 0.758725
0.424537, 0.621972
0.626928, 0.648873
0.591174, 0.376477
0.879779, 0.551933
0.634282, 0.296745
0.864361, 0.814376
0.458560, 0.889225
0.834870, 0.880259
0.432201, 0.770645
0.548931, 0.366547
0.996502, 0.297412
0.944595, 0.211986
0.806975, 0.974920
0.986047, 0.821582
0.608614, 0.578328
0.523628, 0.459709
0.855629, 0.697792
0.761142, 0.801177
0.990317, 0.322370
0.835038, 0.145628
0.900596, 0.257489
0.464761, 0.962142
0.531828, 0.679776
0.608836, 0.864169
0.726398, 0.824550
0.417991, 0.650734
0.565248, 0.208704
0.254908, 0.879703
0.845994, 0.638739
0.611848, 0.917999
0.693650, 0.593040
0.942020, 0.517957
0.183779, 0.767655
0.959728, 0.614769
0.896686, 0.736455
0.351280, 0.360114
0.620423, 0.988137
0.944520, 0.922255
0.342071, 0.666920
0.944884, 0.820939
0.845166, 0.894437
0.063748, 0.537425
0.962871, 0.475341
0.468839, 0.595157
0.670522, 0.931067
0.943381, 0.667794
0.536099, 0.534100
0.962453, 0.700583
0.829146, 0.425817
0.754521, 0.201450
0.096020, 0.988633
0.949254, 0.241488
0.982140, 0.846401
0.159307, 0.791762
0.681385, 0.815083
0.196049, 0.778444
0.559469, 0.569198
0.674192, 0.186861
0.783608, 0.394797
0.955006, 0.997172
0.432523, 0.359108
0.694157, 0.810893
0.304645, 0.995122
0.514922, 0.933893
0.630436, 0.646365
0.551200, 0.801994
0.918899, 0.692218
0.386472, 0.657870
0.876095, 0.628845
0.429918, 0.644872
0.776317, 0.363013
0.433582, 0.245335
0.448420, 0.974086
0.719032, 0.145225
0.507764, 0.938287
0.550357, 0.342135
0.165035, 0.613434
0.819989, 0.483707
0.618773, 0.774762
0.496676, 0.981592
0.683448, 0.831302
0.798623, 0.417816
0.208702, 0.855048
0.378198, 0.758414
0.139860, 0.234825
0.834769, 0.689310
0.496737, 0.734766
0.832401, 0.665366
0.226893, 0.464215
0.838579, 0.673231
0.604964, 0.914778
0.649366, 0.719278
0.681012, 0.659412
0.132230, 0.499086
0.968559, 0.585691
0.899859, 0.811007
0.836854, 0.654496
0.862358, 0.979817
0.492201, 0.955207
0.325693, 0.819217
0.846313, 0.968839
0.998852, 0.974813
0.131931, 0.843748
0.859884, 0.386107
0.684132, 0.736047
0.198185, 0.452990
0.850799, 0.975349
0.355110, 0.364423
0.704999, 0.892373
0.369554, 0.675863
0.737647, 0.760928
0.923761, 0.854685
0.798681, 0.086511
0.443744, 0.682409
0.205448, 0.568569
0.638403, 0.652442
0.522360, 0.571267
0.250054, 0.508314
0.631468, 0.794898
0.895312, 0.137526
0.373674, 0.336091
0.654395, 0.784514
0.696417, 0.543444
0.180052, 0.633331
0.343044, 0.473070
0.388418, 0.764784
0.398782, 0.863541
0.641648, 0.690865
0.682212, 0.842490
0.943355, 0.883917
0.453721, 0.359985
0.558872, 0.622920
0.616015, 0.493067
0.406234, 0.860399
0.299751, 0.620679
0.912421, 0.364384
0.678000, 0.747905
0.238610, 0.684883
0.485605, 0.994616
0.488214, 0.565995
0.823869, 0.546193
0.490216, 0.360022
0.324291, 0.952315
0.294625, 0.877113
0.100232, 0.435267
0.632680, 0.485524
0.331880, 0.932980
0.580456, 0.897892
0.600142, 0.759571
0.919426, 0.996453
0.611335, 0.846786
0.517167, 0.310655
0.472903, 0.544823
0.257244, 0.480577
0.466244, 0.725110
0.502455, 0.383507
0.914781, 0.895600
0.411690, 0.875221
0.352200, 0.122445
0.397337, 0.595909
0.456171, 0.111752
0.100568, 0.487205
0.169611, 0.198128
0.918288, 0.995614
0.944575, 0.648821
0.959401, 0.557161
0.914665, 0.697828
0.581663, 0.888796
0.693735, 0.723333
0.901610, 0.731183
0.786858, 0.696324
0.864990, 0.907559
0.213370, 0.813358
0.896915, 0.990383
0.601291, 0.732731
0.613861, 0.201499
0.274845, 0.735987
0.666610, 0.653635
0.992483, 0.309770
0.794544, 0.761830
0.289317, 0.906646
0.827524, 0.455009
0.806053, 0.624119
0.864597, 0.342414
0.457272, 0.986972
0.911283, 0.666099
0.260583, 0.816183
0.689629, 0.876430
0.684350, 0.283782
0.909960, 0.678937
0.939139, 0.885947
0.947922, 0.880307
0.337979, 0.784969
0.544549, 0.709031
0.955009, 0.947931
0.853594, 0.800061
0.199743, 0.980355
0.813731, 0.738355
0.676673, 0.708848
0.682779, 0.963150
0.785555, 0.430170
0.744804, 0.416769
0.530130, 0.609395
0.762635, 0.105980
0.614821, 0.898745
0.836379, 0.654647
0.401112, 0.247293
0.864738, 0.916533
0.401486, 0.449400
0.665571, 0.479575
0.459819, 0.756754
0.740725, 0.216970
0.612642, 0.997327
0.536509, 0.554489
0.225768, 0.814950
0.950000, 0.847106
0.794046, 0.131899
0.736968, 0.899473
0.851247, 0.313915
0.982907, 0.615604
0.413657, 0.248241
0.426319, 0.583035
0.470944, 0.962280
0.844231, 0.758723
0.753555, 0.816791
0.803686, 0.638451
0.469096, 0.162855
0.711524, 0.941862
0.321093, 0.885958
0.771134, 0.427341
0.119719, 0.976109
0.725570, 0.566913
0.770224, 0.891084
0.642200, 0.577402
0.764066, 0.437047
0.109891, 0.753778
0.258634, 0.795493
0.275460, 0.256198
0.964980, 0.315624
0.615091, 0.602476
0.139767, 0.667398
0.365851, 0.138474
0.835103, 0.698976
0.819163, 0.876281
0.926574, 0.613987
0.195858, 0.474049
0.514799, 0.871139
0.771595, 0.878848
0.868242, 0.930156
0.330527, 0.572073
0.948201, 0.799256
0.143022, 0.989909
0.977995, 0.994544
0.214168, 0.767201
0.808496, 0.366099
0.474636, 0.535664
0.376684, 0.868179
0.266253, 0.396343
0.647739, 0.825095
0.271616, 0.397802
0.961994, 0.698113
0.322205, 0.742938
0.265390, 0.931259
0.296982, 0.771137
0.315945, 0.401142
0.948238, 0.960786
0.364320, 0.276176
0.350725, 0.726093
0.258177, 0.518183
0.500568, 0.295634
0.646640, 0.764992
0.665028, 0.143582
0.911010, 0.621983
0.974925, 0.920054
0.730063, 0.889851
0.937492, 0.655478
0.622982, 0.734957
0.959572, 0.978870
0.587614, 0.889272
0.720525, 0.745070
0.601036, 0.689779
0.514967, 0.818924
0.417487, 0.353303
0.204346, 0.909050
0.121286, 0.961202
0.874754, 0.535670
0.944413, 0.926502
0.982245, 0.864242
0.749044, 0.558964
0.767917, 0.641181
0.218254, 0.339089
0.554677, 0.920996
0.463493, 0.243762
0.352833, 0.829174
0.584514, 0.252203
0.517362, 0.447251
0.993037, 0.212610
0.854707, 0.560978
0.723063, 0.566045
0.511322, 0.866660
0.732114, 0.711311
0.929149, 0.559252
0.669242, 0.958813
0.655288, 0.818924
0.925482, 0.519590
0.151044, 0.291907
0.939310, 0.975550
0.088506, 0.294208
0.762811, 0.627371
0.912743, 0.741298
0.657225, 0.941423
0.548992, 0.998897
0.769242, 0.500868
0.329531, 0.849478
0.868259, 0.364280
0.450816, 0.245407
0.677376, 0.242835
0.628041, 0.914169
0.731128, 0.438000
0.688013, 0.956563
0.766571, 0.478815
0.461456, 0.906698
0.951996, 0.750850
0.519493, 0.525271
0.475002, 0.517260
0.406658, 0.634097
0.672892, 0.549016
0.789291, 0.387601
0.935430, 0.784514
0.775055, 0.313915
0.314978, 0.498871
0.924390, 0.714242
0.443313, 0.916944
0.356872, 0.425136
0.927551, 0.461714
0.727931, 0.089564
0.410552, 0.908589
0.573708, 0.870228
0.134425, 0.866788
0.812623, 0.255265
0.203044, 0.310820
